"city","new.city","state","country"
"","","","United States"
"","","AR","United States"
"","","AZ","United States"
"","","CA","United States"
"","","CT","United States"
"","","FL","United States"
"","","MD","United States"
"","","ME","United States"
"","","MT","United States"
"","","NC","United States"
"","","NJ","United States"
"","","NM","United States"
"","","OR","United States"
"","","PA","United States"
"","","SD","United States"
"","","TN","United States"
"","","TX","United States"
"","","VA","United States"
"Abbeyville","Abbeyville","LA","United States"
"Aberdeen","Aberdeen","SD","United States"
"Aberdeen","Aberdeen","WA","United States"
"Abilene","Abilene","TX","United States"
"Adrian","Adrian","MI","United States"
"Akron","Akron","OH","United States"
"Alameda","Alameda","CA","United States"
"Albany","Albany","CA","United States"
"Albany","Albany","GA","United States"
"Albany","Albany","NY","United States"
"Albion","Albion","CA","United States"
"Albuquerque","Albuquerque","NM","United States"
"Alexandria","Alexandria","LA","United States"
"Alhambra","Alhambra","CA","United States"
"Allentown","Allentown","PA","United States"
"Allston","Allston","MA","United States"
"Altoona","Altoona","PA","United States"
"Amagansett","Amagansett","NY","United States"
"Amarillo","Amarillo","TX","United States"
"Ames","Ames","IA","United States"
"Amherst","Amherst","MA","United States"
"Amherst","Amherst","NY","United States"
"Anaheim","Anaheim","CA","United States"
"Anchorage","Anchorage","AK","United States"
"Andover","Andover","MA","United States"
"Ann Arbor","Ann Arbor","MI","United States"
"Annapolis","Annapolis","MD","United States"
"Anniston","Anniston","AL","United States"
"Anoka","Anoka","MN","United States"
"Antioch","Antioch","IL","United States"
"Appleton","Appleton","WI","United States"
"Appletown","Appletown","WI","United States"
"Arcadia","Arcadia","LA","United States"
"Arlington","Arlington","TX","United States"
"Arlington","Arlington","VA","United States"
"Asbury Park","Asbury Park","NJ","United States"
"Ashbury Park","Ashbury Park","NJ","United States"
"Asheville","Asheville","NC","United States"
"Ashland","Ashland","OR","United States"
"Ashville","Ashville","NC","United States"
"Aspen","Aspen","CO","United States"
"Athens","Athens","GA","United States"
"Athens","Athens","OH","United States"
"Athol","Athol","NY","United States"
"Atlanta","Atlanta","GA","United States"
"Atlantic City","Atlantic City","NJ","United States"
"Attleboro","Attleboro","MA","United States"
"Aubrun","Aubrun","AL","United States"
"Auburn","Auburn","AL","United States"
"Auburn","Auburn","CA","United States"
"Augusta","Augusta","GA","United States"
"Augusta","Augusta","KS","United States"
"Augusta","Augusta","ME","United States"
"Aurora","Aurora","IL","United States"
"Austin","Austin","TX","United States"
"Avenel","Avenel","NJ","United States"
"Babylon","Babylon","NY","United States"
"Bailey","Bailey","CO","United States"
"Bakersfield","Bakersfield","CA","United States"
"Balboa","Balboa","CA","United States"
"Baltimore","Baltimore","MD","United States"
"Bangor","Bangor","ME","United States"
"Bar Harbor","Bar Harbor","ME","United States"
"Barboursville","Barboursville","WV","United States"
"Barnegat Light","Barnegat Light","NJ","United States"
"Batesville","Batesville","MS","United States"
"Bath","Bath","ME","United States"
"Baton Rouge","Baton Rouge","LA","United States"
"Bay City","Bay City","MI","United States"
"Bayshore","Bayshore","NY","United States"
"Bayville","Bayville","NY","United States"
"Beaumont","Beaumont","TX","United States"
"Beaver Dam","Beaver Dam","WI","United States"
"Beckley","Beckley","WV","United States"
"Belfast","Belfast","ME","United States"
"Belleville","Belleville","MI","United States"
"Belleville","Belleville","NJ","United States"
"Bellevue","Bellevue","NE","United States"
"Bellevue","Bellevue","WA","United States"
"Bellingham","Bellingham","WA","United States"
"Bellmawr","Bellmawr","NJ","United States"
"Bellmore","Bellmore","NY","United States"
"Bellows Falls","Bellows Falls","VT","United States"
"Belluve","Belluve","NE","United States"
"Belmar","Belmar","NJ","United States"
"Beloit","Beloit","WI","United States"
"Belvidere","Belvidere","NJ","United States"
"Berea","Berea","OH","United States"
"Berkeley","Berkeley","CA","United States"
"Berlin","Berlin","VT","United States"
"Berwin","Berwin","IL","United States"
"Bethany Beach","Bethany Beach","DE","United States"
"Bethesda","Bethesda","MD","United States"
"Bethlehem","Bethlehem","PA","United States"
"Beverly Hills","Beverly Hills","CA","United States"
"Beverly Shores","Beverly Shores","IN","United States"
"Biddeford","Biddeford","ME","United States"
"Big Bear Lake","Big Bear Lake","CA","United States"
"Big Rapids","Big Rapids","MI","United States"
"Billings","Billings","MT","United States"
"Biloxi","Biloxi","MS","United States"
"Binghamton","Binghamton","NY","United States"
"Birmingham","Birmingham","AL","United States"
"Bisbee","Bisbee","AZ","United States"
"Bismarck","Bismarck","NC","United States"
"Bismarck","Bismarck","ND","United States"
"Blaine","Blaine","WA","United States"
"Blairsville","Blairsville","PA","United States"
"Bloomington","Bloomington","IL","United States"
"Bloomington","Bloomington","IN","United States"
"Boca Raton","Boca Raton","FL","United States"
"Boise","Boise","ID","United States"
"Bossier City","Bossier City","LA","United States"
"Boston","Boston","MA","United States"
"Boulder","Boulder","CO","United States"
"Boulder","Boulder","MT","United States"
"Bowling Green","Bowling Green","KY","United States"
"Bozeman","Bozeman","MT","United States"
"Bradenton","Bradenton","FL","United States"
"Branford","Branford","CT","United States"
"Brattleboro","Brattleboro","VT","United States"
"Brattlesboro","Brattlesboro","VT","United States"
"Breckenridge","Breckenridge","CO","United States"
"Bremerton","Bremerton","WA","United States"
"Brick Town","Brick Town","NJ","United States"
"Bridgeport","Bridgeport","CT","United States"
"Bridgeport","Bridgeport","PA","United States"
"Bristol","Bristol","TN","United States"
"Bristol","Bristol","VA","United States"
"Bronx","Bronx","NY","United States"
"Brookings","Brookings","SD","United States"
"Brooklyn","Brooklyn","MI","United States"
"Brooklyn","Brooklyn","NY","United States"
"Broome County","Broome County","NY","United States"
"Broward County","Broward County","FL","United States"
"Brownsville","Brownsville","TX","United States"
"Brunswick","Brunswick","ME","United States"
"Bryte","Bryte","CA","United States"
"Buena Park","Buena Park","CA","United States"
"Buffalo","Buffalo","NY","United States"
"Burbank","Burbank","CA","United States"
"Burlingame","Burlingame","CA","United States"
"Burlington","Burlington","VT","United States"
"Burtonsville","Burtonsville","MD","United States"
"Butler","Butler","NJ","United States"
"Calais","Calais","ME","United States"
"Caldwell","Caldwell","ID","United States"
"Caliente","Caliente","CA","United States"
"Calumet City","Calumet City","IL","United States"
"Cambridge","Cambridge","MA","United States"
"Camden","Camden","NJ","United States"
"Campbell","Campbell","CA","United States"
"Campbellsville","Campbellsville","KY","United States"
"Canoga Park","Canoga Park","CA","United States"
"Canton","Canton","OH","United States"
"Canyon","Canyon","TX","United States"
"Carbondale","Carbondale","IL","United States"
"Carthegena","Carthegena","OH","United States"
"Casper","Casper","WY","United States"
"Cathedral City","Cathedral City","CA","United States"
"Cedar Rapids","Cedar Rapids","IA","United States"
"Central Fall","Central Fall","RI","United States"
"Central Falls","Central Falls","RI","United States"
"Chambersburg","Chambersburg","PA","United States"
"Champaign","Champaign","IL","United States"
"Chapel Hill","Chapel Hill","NC","United States"
"Charleston","Charleston","SC","United States"
"Charleston","Charleston","WV","United States"
"Charlestown","Charlestown","SC","United States"
"Charlestown","Charlestown","WV","United States"
"Charlestown (WV)","Charlestown","WV","United States"
"Charlotte","Charlotte","NC","United States"
"Charlottesville","Charlottesville","VA","United States"
"Chatanooga","Chattanooga","TN","United States"
"Chattanooga","Chattanooga","TN","United States"
"Cherokee","Cherokee","IA","United States"
"Cherry Hill","Cherry Hill","NJ","United States"
"Chester","Chester","PA","United States"
"Cheyenne","Cheyenne","WY","United States"
"Chicago","Chicago","IL","United States"
"Chico","Chico","CA","United States"
"Chicopee","Chicopee","MA","United States"
"Cincinnati","Cincinnati","OH","United States"
"Clare","Clare","MI","United States"
"Clarksburg","Clarksburg","VA","United States"
"Clarksburg","Clarksburg","WV","United States"
"Clarksburg (WV)","Clarksburg","WV","United States"
"Clarksville","Clarksville","TN","United States"
"Clearlake","Clearlake","CA","United States"
"Clearwater","Clearwater","FL","United States"
"Cleveland","Cleveland","OH","United States"
"Clifton","Clifton","NJ","United States"
"Coca","Coca","FL","United States"
"Cocoa Beach","Cocoa Beach","FL","United States"
"Coconut Grove","Coconut Grove","FL","United States"
"College Park","College Park","MD","United States"
"College Station","College Station","TX","United States"
"Colorado Springs","Colorado Springs","CO","United States"
"Columbia","Columbia","MD","United States"
"Columbia","Columbia","MO","United States"
"Columbia","Columbia","SC","United States"
"Columbus","Columbus","GA","United States"
"Columbus","Columbus","MS","United States"
"Columbus","Columbus","OH","United States"
"Concord","Concord","NH","United States"
"Contoocook","Contoocook","NH","United States"
"Contookook","Contoocook","NH","United States"
"Cooperstown","Cooperstown","NY","United States"
"Coos Bay","Coos Bay","OR","United States"
"Coos Bay--North Bend","Coos Bay-North Bend","OR","United States"
"Coos Bay-North Bend","Coos Bay-North Bend","OR","United States"
"Copiaque","Copiaque","NY","United States"
"Coral Gables","Coral Gables","FL","United States"
"Corpus Christi","Corpus Christi","TX","United States"
"Cortland","Cortland","NY","United States"
"Corvallis","Corvallis","OR","United States"
"Coshocton","Coshocton","OH","United States"
"Costa Mesa","Costa Mesa","CA","United States"
"Council Bluffs","Council Bluffs","IA","United States"
"Covina","Covina","CA","United States"
"Covington","Covington","KY","United States"
"Craryville","Craryville","NY","United States"
"Cresson","Cresson","PA","United States"
"Crestwood","Crestwood","IL","United States"
"Culver City","Culver City","CA","United States"
"Cumberland","Cumberland","MD","United States"
"Cupertino","Cupertino","CA","United States"
"Dade County","Dade County","FL","United States"
"Dahlonega","Dahlonega","GA","United States"
"Dalhart","Dalhart","TX","United States"
"Dallas","Dallas","TX","United States"
"Dana Point","Dana Point","CA","United States"
"Danbury","Danbury","CT","United States"
"Dania","Dania","FL","United States"
"Danville","Danville","VA","United States"
"Darien","Darien","CT","United States"
"Davenport","Davenport","IA","United States"
"Davis","Davis","CA","United States"
"Dayton","Dayton","OH","United States"
"Daytona","Daytona","FL","United States"
"Daytona Beach","Daytona Beach","FL","United States"
"Decanso","Decanso","CA","United States"
"Decatur","Decatur","AL","United States"
"Decatur","Decatur","IL","United States"
"Deer Park","Deer Park","NY","United States"
"Dekalb","Dekalb","IL","United States"
"Denton","Denton","TX","United States"
"Denver","Denver","CO","United States"
"Deptford","Deptford","NJ","United States"
"Des Moines","Des Moines","IA","United States"
"Des Plaines","Des Plaines","IL","United States"
"Descanso","Descanso","CA","United States"
"Detroit","Detroit","MI","United States"
"Detroit Lakes","Detroit Lakes","MN","United States"
"Dewey Beach","Dewey Beach","DE","United States"
"Dillon","Dillon","SC","United States"
"Douglas","Douglas","MI","United States"
"Douglas","Douglas","WY","United States"
"Dover","Dover","DE","United States"
"Dover","Dover","NJ","United States"
"Dubuque","Dubuque","IA","United States"
"Duluth","Duluth","MN","United States"
"Duncan Mills","Duncan Mills","CA","United States"
"Duncansville","Duncansville","PA","United States"
"Durango","Durango","CO","United States"
"Durham","Durham","NC","United States"
"Durham","Durham","NH","United States"
"Dutch Flat","Dutch Flat","CA","United States"
"Eagle Rock","Eagle Rock","CA","United States"
"East Barnet","East Barnet","VT","United States"
"East Greenwich","East Greenwich","RI","United States"
"East Hampton","East Hampton","NY","United States"
"East Meadow","East Meadow","NY","United States"
"East Northport","East Northport","NY","United States"
"East Orange","East Orange","NJ","United States"
"East St Louis","East St Louis","IL","United States"
"East St. Louis","East St. Louis","IL","United States"
"East Stroudsberg","East Stroudsberg","PA","United States"
"Easthampton","Easthampton","MA","United States"
"Easthampton","Easthampton","NY","United States"
"Easton","Easton","PA","United States"
"Eatontown","Eatontown","NJ","United States"
"Echo Park","Echo Park","CA","United States"
"Edison","Edison","NJ","United States"
"Edmonds","Edmonds","WA","United States"
"El Cajon","El Cajon","CA","United States"
"El Centro","El Centro","CA","United States"
"El Monte","El Monte","CA","United States"
"El Paso","El Paso","TX","United States"
"El Segundo","El Segundo","CA","United States"
"El Sobrante","El Sobrante","CA","United States"
"Elgin","Elgin","IL","United States"
"Elizabeth","Elizabeth","NJ","United States"
"Elizabeth","Elizabeth","PA","United States"
"Elmhurst","Elmhurst","NY","United States"
"Elmira","Elmira","NY","United States"
"Erie","Erie","PA","United States"
"Escondido","Escondido","CA","United States"
"Eugene","Eugene","OR","United States"
"Eureka","Eureka","CA","United States"
"Eureka Springs","Eureka Springs","AR","United States"
"Evanston","Evanston","IL","United States"
"Evansville","Evansville","IL","United States"
"Evansville","Evansville","IN","United States"
"Everett","Everett","WA","United States"
"Fabens","Fabens","TX","United States"
"Fairbanks","Fairbanks","AK","United States"
"Fairfield","Fairfield","CA","United States"
"Fairfield","Fairfield","CT","United States"
"Fall River","Fall River","MA","United States"
"Falls Village","Falls Village","CT","United States"
"Fargo","Fargo","NC","United States"
"Fargo","Fargo","ND","United States"
"Farmersbury","Farmersbury","IN","United States"
"Farmington","Farmington","CT","United States"
"Fayetteville","Fayetteville","AR","United States"
"Fayetteville","Fayetteville","NC","United States"
"Fells Point","Fells Point","MD","United States"
"Fernandina Beach","Fernandina Beach","FL","United States"
"Ferndale","Ferndale","MI","United States"
"Findlay","Findlay","OH","United States"
"Fire Island","Fire Island","NY","United States"
"Fitchburg","Fitchburg","MA","United States"
"Flagstaff","Flagstaff","AZ","United States"
"Flint","Flint","MI","United States"
"Floral Park","Floral Park","NY","United States"
"Florence","Florence","AL","United States"
"Florence","Florence","KY","United States"
"Florence","Florence","SC","United States"
"Forest","Forest","MS","United States"
"Forest Park","Forest Park","IL","United States"
"Forestville","Forestville","CA","United States"
"Fort Collins","Fort Collins","CO","United States"
"Fort Lauderdale","Fort Lauderdale","FL","United States"
"Fort Lee","Fort Lee","NJ","United States"
"Fort Myers","Fort Myers","FL","United States"
"Fort Myers Beach","Fort Myers Beach","FL","United States"
"Fort Walton Beach","Fort Walton Beach","FL","United States"
"Fort Wayne","Fort Wayne","IN","United States"
"Fort Worth","Fort Worth","TX","United States"
"Fox Valley","Fox Valley","WI","United States"
"Freeport","Freeport","ME","United States"
"Fremont","Fremont","CA","United States"
"Fremont","Fremont","OH","United States"
"Fresno","Fresno","CA","United States"
"Ft. Dodge","Ft. Dodge","IA","United States"
"Ft. Lauderdale","Fort Lauderdale","FL","United States"
"Ft. Lee","Ft. Lee","NJ","United States"
"Ft. Myers","Fort Myers","FL","United States"
"Ft. Pierce","Ft. Pierce","FL","United States"
"Ft. Smith","Ft. Smith","AR","United States"
"Ft. Walton Beach","Ft. Walton Beach","FL","United States"
"Ft. Wayne","Fort Wayne","IN","United States"
"Ft. Worth","Fort Worth","TX","United States"
"Fullerton","Fullerton","CA","United States"
"Gaffney","Gaffney","SC","United States"
"Gainesville","Gainesville","FL","United States"
"Gainseville","Gainesville","FL","United States"
"Gaithersburg","Gaithersburg","MD","United States"
"Galveston","Galveston","TX","United States"
"Garden Grove","Garden Grove","CA","United States"
"Gardena","Gardena","CA","United States"
"Garrison","Garrison","NY","United States"
"Gary","Gary","IN","United States"
"Gastonia","Gastonia","NC","United States"
"Glen Cove","Glen Cove","NY","United States"
"Glen Rose","Glen Rose","TX","United States"
"Glendale","Glendale","AZ","United States"
"Glenrose","Glenrose","TX","United States"
"Golden","Golden","CO","United States"
"Goldsboro","Goldsboro","NC","United States"
"Grand Forks","Grand Forks","NC","United States"
"Grand Forks","Grand Forks","ND","United States"
"Grand Island","Grand Island","NE","United States"
"Grand Junction","Grand Junction","CO","United States"
"Grand Rapids","Grand Rapids","MI","United States"
"Grand haven","Grand haven","MI","United States"
"Grandisland","Grandisland","NE","United States"
"Grant's Pass","Grant's Pass","OR","United States"
"Grants Pass","Grants Pass","OR","United States"
"Great Bend","Great Bend","KS","United States"
"Great Falls","Great Falls","MT","United States"
"Greeley","Greeley","CO","United States"
"Green Bay","Green Bay","WI","United States"
"Greenbelt","Greenbelt","MD","United States"
"Greenburg","Greenburg","PA","United States"
"Greencastle","Greencastle","PA","United States"
"Greenfield","Greenfield","MA","United States"
"Greensboro","Greensboro","NC","United States"
"Greensburg","Greensburg","PA","United States"
"Greenville","Greenville","DE","United States"
"Greenville","Greenville","NC","United States"
"Greenville","Greenville","SC","United States"
"Greenwhich","Greenwhich","CT","United States"
"Greenwich","Greenwich","CT","United States"
"Guerneville","Guerneville","CA","United States"
"Gulfport","Gulfport","MS","United States"
"Guttenberg","Guttenberg","NJ","United States"
"Hackensack","Hackensack","NJ","United States"
"Hagerstown","Hagerstown","MD","United States"
"Hallandale","Hallandale","FL","United States"
"Hallendale","Hallendale","FL","United States"
"Hamilton","Hamilton","KS","United States"
"Hamilton","Hamilton","OH","United States"
"Hammond","Hammond","IN","United States"
"Hampton","Hampton","NH","United States"
"Hampton","Hampton","VA","United States"
"Hanover","Hanover","NH","United States"
"Harmonie Park","Harmonie Park","MI","United States"
"Harper","Harper","KS","United States"
"Harrisburg","Harrisburg","PA","United States"
"Hartford","Hartford","CT","United States"
"Hattiesburg","Hattiesburg","MS","United States"
"Hawthorne","Hawthorne","CA","United States"
"Hayward","Hayward","CA","United States"
"Hazelton","Hazelton","PA","United States"
"Hazleton","Hazleton","PA","United States"
"Hegins","Hegins","PA","United States"
"Helena","Helena","MT","United States"
"Hemet","Hemet","CA","United States"
"Hempstead","Hempstead","NY","United States"
"Hermiston","Hermiston","OR","United States"
"Hermosa Beach","Hermosa Beach","CA","United States"
"Hernando","Hernando","MS","United States"
"Hialeah","Hialeah","FL","United States"
"Hickory","Hickory","NC","United States"
"Hicksville","Hicksville","NY","United States"
"High Point","High Point","NC","United States"
"Highland","Highland","NY","United States"
"Highland Park","Highland Park","NJ","United States"
"Highland Park","Highland Park","NY","United States"
"Hillsborough","Hillsborough","CA","United States"
"Hilo","Hilo","HI","United States"
"Hilton Head","Hilton Head","GA","United States"
"Hodges","Hodges","SC","United States"
"Holland","Holland","MI","United States"
"Hollywood","Hollywood","CA","United States"
"Hollywood","Hollywood","FL","United States"
"Holyoke","Holyoke","MA","United States"
"Homestead","Homestead","PA","United States"
"Honolulu","Honolulu","HI","United States"
"Hopland/Talmadge","Hopland/Talmadge","CA","United States"
"Hoquiam","Hoquiam","WA","United States"
"Hot Springs","Hot Springs","AR","United States"
"Houma","Houma","LA","United States"
"Houston","Houston","TX","United States"
"Huachuca","Huachuca","AZ","United States"
"Hummelstown","Hummelstown","PA","United States"
"Huntington","Huntington","NY","United States"
"Huntington","Huntington","WV","United States"
"Huntington (WV)","Huntington","WV","United States"
"Huntington Park","Huntington Park","CA","United States"
"Huntsville","Huntsville","AL","United States"
"Hutchinson","Hutchinson","KS","United States"
"Hyannis","Hyannis","MA","United States"
"Idaho Falls","Idaho Falls","ID","United States"
"Indiana","Indiana","PA","United States"
"Indianapolis","Indianapolis","IN","United States"
"Indio","Indio","CA","United States"
"Inglewood","Inglewood","CA","United States"
"Interlochen","Interlochen","MI","United States"
"Iowa City","Iowa City","IA","United States"
"Ipswich","Ipswich","MA","United States"
"Irvine","Irvine","CA","United States"
"Irvington","Irvington","NJ","United States"
"Isla Vista","Isla Vista","CA","United States"
"Ithaca","Ithaca","NY","United States"
"Jackson","Jackson","MI","United States"
"Jackson","Jackson","MS","United States"
"Jackson","Jackson","NH","United States"
"Jackson","Jackson","TN","United States"
"Jackson","Jackson","WY","United States"
"Jacksonville","Jacksonville","AL","United States"
"Jacksonville","Jacksonville","FL","United States"
"Jacksonville","Jacksonville","IL","United States"
"Jacksonville","Jacksonville","NC","United States"
"Jacksonville Beach","Jacksonville Beach","FL","United States"
"Jamaica","Jamaica","NY","United States"
"Jamestown","Jamestown","NY","United States"
"Janesville","Janesville","WI","United States"
"Jefferson City","Jefferson City","MO","United States"
"Jersey City","Jersey City","NJ","United States"
"Johnson City","Johnson City","NY","United States"
"Johnson City","Johnson City","TN","United States"
"Johnstown","Johnstown","PA","United States"
"Joliet","Joliet","IL","United States"
"Joplin","Joplin","MO","United States"
"Junction City","Junction City","KS","United States"
"Juneau","Juneau","AK","United States"
"Kailua","Kailua","HI","United States"
"Kailua-Kona","Kailua-Kona","HI","United States"
"Kalamazoo","Kalamazoo","MI","United States"
"Kalispell","Kalispell","MT","United States"
"Kannapolis","Kannapolis","NC","United States"
"Kansas City","Kansas City","KS","United States"
"Kansas City","Kansas City","MO","United States"
"Kearney","Kearney","NE","United States"
"Kennewick","Kennewick","WA","United States"
"Kenosha","Kenosha","WI","United States"
"Kent","Kent","OH","United States"
"Ketchikan","Ketchikan","AK","United States"
"Kettering","Kettering","OH","United States"
"Kew Gardens","Kew Gardens","NY","United States"
"Key West","Key West","FL","United States"
"Kingman","Kingman","AZ","United States"
"Kingston","Kingston","NJ","United States"
"Klamath Fall","Klamath Fall","OR","United States"
"Klamath Falls","Klamath Falls","OR","United States"
"Knightstown","Knightstown","IN","United States"
"Knoxville","Knoxville","TN","United States"
"La Crosse","La Crosse","WI","United States"
"La Grande","La Grande","OR","United States"
"La Grange","La Grange","IL","United States"
"La Salle","La Salle","IL","United States"
"Laconia","Laconia","NH","United States"
"Lafayette","Lafayette","IN","United States"
"Lafayette","Lafayette","LA","United States"
"Laguna Beach","Laguna Beach","CA","United States"
"Laguna Niguel","Laguna Niguel","CA","United States"
"Lahaina","Lahaina","HI","United States"
"Lake Arrowhead","Lake Arrowhead","CA","United States"
"Lake Charles","Lake Charles","LA","United States"
"Lake George","Lake George","NY","United States"
"Lake Hoptacong","Lake Hoptacong","NJ","United States"
"Lake Monroe","Lake Monroe","NY","United States"
"Lake Placid","Lake Placid","NY","United States"
"Lake Ronkonkoma","Lake Ronkonkoma","NY","United States"
"Lake Ronkonkona","Lake Ronkonkona","NY","United States"
"Lake Tahoe","Lake Tahoe","CA","United States"
"Lake Tahoe","Lake Tahoe","NV","United States"
"Lake Worth","Lake Worth","FL","United States"
"Lakeland","Lakeland","FL","United States"
"Lakeport","Lakeport","CA","United States"
"Lakewood","Lakewood","OH","United States"
"Lambertville","Lambertville","NJ","United States"
"Lancaster","Lancaster","CA","United States"
"Lancaster","Lancaster","MA","United States"
"Lancaster","Lancaster","PA","United States"
"Landisville","Landisville","NJ","United States"
"Landisville","Landisville","PA","United States"
"Lansing","Lansing","MI","United States"
"Lantana","Lantana","FL","United States"
"Laramie","Laramie","WY","United States"
"Larkspur","Larkspur","CA","United States"
"Las Vegas","Las Vegas","NV","United States"
"Lawrence","Lawrence","KS","United States"
"Lawton","Lawton","OK","United States"
"Lebanon","Lebanon","NH","United States"
"Lebanon","Lebanon","OH","United States"
"Lebanon","Lebanon","PA","United States"
"Leesburg","Leesburg","FL","United States"
"Leominster","Leominster","MA","United States"
"Lewiston","Lewiston","ID","United States"
"Lewiston","Lewiston","ME","United States"
"Lexington","Lexington","KY","United States"
"Lexington","Lexington","NC","United States"
"Liberty","Liberty","ME","United States"
"Lihue","Lihue","HI","United States"
"Lima","Lima","OH","United States"
"Lincoln","Lincoln","NE","United States"
"Lincoln City","Lincoln City","OR","United States"
"Lindenhurst","Lindenhurst","NY","United States"
"Little River","Little River","CA","United States"
"Little Rock","Little Rock","AR","United States"
"Littletown","Littletown","NH","United States"
"Liverpool","Liverpool","NY","United States"
"Livingston","Livingston","NJ","United States"
"Logan","Logan","UT","United States"
"Lombard","Lombard","IL","United States"
"Long Beach","Long Beach","CA","United States"
"Long Beach","Long Beach","NJ","United States"
"Long Branch","Long Branch","NJ","United States"
"Long Island","Long Island","NY","United States"
"Long Wharf","Long Wharf","CT","United States"
"Longview","Longview","TX","United States"
"Longview","Longview","WA","United States"
"Lorain","Lorain","OH","United States"
"Lordsburg","Lordsburg","NM","United States"
"Los Altos","Los Altos","CA","United States"
"Los Angeles","Los Angeles","CA","United States"
"Los Gatos","Los Gatos","CA","United States"
"Louisville","Louisville","KY","United States"
"Lowell","Lowell","MA","United States"
"Lubbock","Lubbock","TX","United States"
"Lynn","Lynn","MA","United States"
"Lyons","Lyons","KS","United States"
"Macomb","Macomb","IL","United States"
"Macon","Macon","GA","United States"
"Madeira Beach","Madeira Beach","FL","United States"
"Madison","Madison","IN","United States"
"Madison","Madison","WI","United States"
"Magset","Magset","ME","United States"
"Makena","Makena","HI","United States"
"Manassas","Manassas","VA","United States"
"Manchester","Manchester","NH","United States"
"Manhattan","Manhattan","KS","United States"
"Manhattan","Manhattan","NY","United States"
"Manitou Springs","Manitou Springs","CO","United States"
"Manitowac","Manitowac","WI","United States"
"Mankato","Mankato","MN","United States"
"Mansfield","Mansfield","OH","United States"
"Maple Hill","Maple Hill","KS","United States"
"Marblehead","Marblehead","OH","United States"
"Marcus Hook","Marcus Hook","PA","United States"
"Marietta","Marietta","PA","United States"
"Marion","Marion","OH","United States"
"Marquette","Marquette","MI","United States"
"Marrietta","Marrietta","PA","United States"
"Marshall","Marshall","TX","United States"
"Marshalltown","Marshalltown","IA","United States"
"Marshfield-Pembroke","Marshfield-Pembroke","MA","United States"
"Martha's Vineyard","Martha's Vineyard","MA","United States"
"Martha's Vineyard Island","Martha's Vineyard Island","MA","United States"
"Marysville","Marysville","CA","United States"
"Mason City","Mason City","IA","United States"
"Maui Island","Maui Island","HI","United States"
"McAllen","McAllen","TX","United States"
"Medeira Beach","Medeira Beach","FL","United States"
"Medford","Medford","OR","United States"
"Melbourne","Melbourne","FL","United States"
"Memphis","Memphis","TN","United States"
"Mendocino","Mendocino","CA","United States"
"Meriden","Meriden","CT","United States"
"Meridian","Meridian","MS","United States"
"Mesa","Mesa","AZ","United States"
"Metairie","Metairie","LA","United States"
"Miami","Miami","FL","United States"
"Miami Beach","Miami Beach","FL","United States"
"Miamisburg","Miamisburg","OH","United States"
"Michigan City","Michigan City","IN","United States"
"Middletown","Middletown","CT","United States"
"Milford","Milford","MA","United States"
"Mill Valley","Mill Valley","CA","United States"
"Milldale","Milldale","CT","United States"
"Milton","Milton","MA","United States"
"Milwaukee","Milwaukee","WI","United States"
"Mine Hill","Mine Hill","NJ","United States"
"Minneapolis","Minneapolis","MN","United States"
"Minot","Minot","NC","United States"
"Minot","Minot","ND","United States"
"Miracle Mile","Miracle Mile","CA","United States"
"Mission Viejo","Mission Viejo","CA","United States"
"Missoula","Missoula","MT","United States"
"Mobile","Mobile","AL","United States"
"Modesto","Modesto","CA","United States"
"Monmouth","Monmouth","IL","United States"
"Monroe","Monroe","LA","United States"
"Monrovia","Monrovia","CA","United States"
"Montara","Montara","CA","United States"
"Montclair","Montclair","CA","United States"
"Montclaire","Montclaire","PA","United States"
"Monte Rio","Monte Rio","CA","United States"
"Monterey","Monterey","CA","United States"
"Montgomery","Montgomery","AL","United States"
"Montgomery","Montgomery","MD","United States"
"Montpelier","Montpelier","VT","United States"
"Moorhead","Moorhead","MN","United States"
"Morgan City","Morgan City","LA","United States"
"Morgantown","Morgantown","WV","United States"
"Morris County","Morris County","NJ","United States"
"Morristown","Morristown","NJ","United States"
"Morro Bay","Morro Bay","CA","United States"
"Morton","Morton","MS","United States"
"Moscow","Moscow","ID","United States"
"Mount Clemens","Mount Clemens","MI","United States"
"Mount Vernon","Mount Vernon","TX","United States"
"Mountain View","Mountain View","CA","United States"
"Mt Clemens","Mt. Clemens","MI","United States"
"Mt. Clemens","Mt. Clemens","MI","United States"
"Mt. Vernon","Mt. Vernon","IL","United States"
"Mt. Vernon","Mt. Vernon","WA","United States"
"Mt. Washington","Mt. Washington","CA","United States"
"Muncie","Muncie","IN","United States"
"Murpheesboro","Murpheesboro","TN","United States"
"Muskegon","Muskegon","MI","United States"
"Myrtle Beach","Myrtle Beach","SC","United States"
"Myrtle Creek","Myrtle Creek","OR","United States"
"Nacogdoches","Nacogdoches","TX","United States"
"Nantucket","Nantucket","MA","United States"
"Nanuet","Nanuet","NY","United States"
"Napa","Napa","CA","United States"
"Naples","Naples","FL","United States"
"Nashua","Nashua","NH","United States"
"Nashville","Nashville","TN","United States"
"Nawiliwili","Nawiliwili","HI","United States"
"Neptune Beach","Neptune Beach","FL","United States"
"Nescopeck","Nescopeck","PA","United States"
"Nevada City","Nevada City","CA","United States"
"New Bedford","New Bedford","CT","United States"
"New Bedford","New Bedford","MA","United States"
"New Britain","New Britain","CT","United States"
"New Brunswick","New Brunswick","NJ","United States"
"New Haven","New Haven","CT","United States"
"New Hope","New Hope","PA","United States"
"New Lebanon","New Lebanon","IN","United States"
"New London","New London","CT","United States"
"New Milford","New Milford","CT","United States"
"New Milford","New Milford","PA","United States"
"New Orleans","New Orleans","LA","United States"
"New Paltz","New Paltz","NY","United States"
"New Rochelle","New Rochelle","NY","United States"
"New Town","New Town","IL","United States"
"New York","New York","NY","United States"
"New York City","New York","NY","United States"
"Newark","Newark","DE","United States"
"Newark","Newark","NJ","United States"
"Newport","Newport","KY","United States"
"Newport","Newport","OR","United States"
"Newport","Newport","RI","United States"
"Newport Beach","Newport Beach","CA","United States"
"Newton","Newton","NJ","United States"
"Niagara Falls","Niagara Falls","NY","United States"
"Niagra Falls","Niagra Falls","NY","United States"
"Nimitz","Nimitz","WV","United States"
"Norfolk","Norfolk","NE","United States"
"Norfolk","Norfolk","VA","United States"
"Normal","Normal","IL","United States"
"Norman","Norman","OK","United States"
"North Adams","North Adams","MA","United States"
"North Conway","North Conway","NH","United States"
"North Hollywood","North Hollywood","CA","United States"
"North Hudson","North Hudson","NY","United States"
"North Merrick","North Merrick","NY","United States"
"North Salem","North Salem","NY","United States"
"Northampton","Northampton","MA","United States"
"Northhampton","Northampton","MA","United States"
"Northwood","Northwood","NH","United States"
"Norwalk","Norwalk","WI","United States"
"Norwich","Norwich","CT","United States"
"Nyack","Nyack","NY","United States"
"Oak Bluffs","Oak Bluffs","MA","United States"
"Oak Park","Oak Park","IL","United States"
"Oak Ridge Farm","Oak Ridge Farm","TN","United States"
"Oakhurst","Oakhurst","CA","United States"
"Oakland","Oakland","CA","United States"
"Oakland","Oakland","PA","United States"
"Oberlin","Oberlin","OH","United States"
"Ocean Beach","Ocean Beach","CA","United States"
"Ocean City","Ocean City","MD","United States"
"Ocean Park Beach","Ocean Park Beach","CA","United States"
"Oceanside","Oceanside","CA","United States"
"Odessa","Odessa","TX","United States"
"Ogden","Ogden","UT","United States"
"Ogunquit","Ogunquit","ME","United States"
"Oklahoma City","Oklahoma City","OK","United States"
"Olathe","Olathe","KS","United States"
"Old Orchard Beach","Old Orchard Beach","ME","United States"
"Old Roslyn Village","Old Roslyn Village","NY","United States"
"Old Town","Old Town","CA","United States"
"Old Westbury","Old Westbury","NY","United States"
"Olean","Olean","NY","United States"
"Olympia","Olympia","WA","United States"
"Omaha","Omaha","NE","United States"
"Oneonta","Oneonta","NY","United States"
"Ontario","Ontario","CA","United States"
"Opa-Locka","Opa-Locka","FL","United States"
"Opelika","Opelika","AL","United States"
"Orange","Orange","CT","United States"
"Orange","Orange","NJ","United States"
"Orange County","Orange County","CA","United States"
"Orlando","Orlando","FL","United States"
"Orono","Orono","ME","United States"
"Oroville","Oroville","CA","United States"
"Oshikosh","Oshikosh","WI","United States"
"Oshkosh","Oshkosh","WI","United States"
"Oswego","Oswego","NY","United States"
"Ottawa","Ottawa","IL","United States"
"Overland Park","Overland Park","KS","United States"
"Owens","Owens","OH","United States"
"Owensboro","Owensboro","KY","United States"
"Owings Mills","Owings Mills","MD","United States"
"Oxford","Oxford","MS","United States"
"Oxnard","Oxnard","CA","United States"
"Oxon Hill","Oxon Hill","MD","United States"
"Ozark","Ozark","AR","United States"
"Pacific Beach","Pacific Beach","CA","United States"
"Pacific Grove","Pacific Grove","CA","United States"
"Paducah","Paducah","KY","United States"
"Paia","Paia","HI","United States"
"Painesville","Painesville","OH","United States"
"Painsville","Painsville","OH","United States"
"Palisades Park","Palisades Park","NJ","United States"
"Palm Springs","Palm Springs","CA","United States"
"Palo Alto","Palo Alto","CA","United States"
"Panama City","Panama City","FL","United States"
"Paramount","Paramount","CA","United States"
"Paramus","Paramus","NJ","United States"
"Parkersburg","Parkersburg","WV","United States"
"Parksburg","Parksburg","WV","United States"
"Parsons","Parsons","KS","United States"
"Pasadena","Pasadena","CA","United States"
"Pasco","Pasco","WA","United States"
"Passaic","Passaic","NJ","United States"
"Paterson","Paterson","NJ","United States"
"Patterson","Patterson","NJ","United States"
"Pawtucket","Pawtucket","RI","United States"
"Peabody","Peabody","MA","United States"
"Penacook","Penacook","NH","United States"
"Penn Hills","Penn Hills","PA","United States"
"Pensacola","Pensacola","FL","United States"
"Peoria","Peoria","IL","United States"
"Perth Amboy","Perth Amboy","NJ","United States"
"Petoskey","Petoskey","MI","United States"
"Phenix City","Phenix City","AL","United States"
"Philadelphia","Philadelphia","PA","United States"
"Philipsburg","Philipsburg","PA","United States"
"Phillipsburg","Phillipsburg","NJ","United States"
"Phoenix","Phoenix","AZ","United States"
"Phoenixville","Phoenixville","PA","United States"
"Piermont","Piermont","NY","United States"
"Pierre","Pierre","SD","United States"
"Pine Grove","Pine Grove","PA","United States"
"Piqua","Piqua","OH","United States"
"Pittsburgh","Pittsburgh","PA","United States"
"Pittsfield","Pittsfield","MA","United States"
"Plainsboro","Plainsboro","NJ","United States"
"Plainview","Plainview","TX","United States"
"Plainwell","Plainwell","MI","United States"
"Plantsville","Plantsville","CT","United States"
"Plattsburg","Plattsburg","NY","United States"
"Plattsburgh","Plattsburgh","NY","United States"
"Pleasant Hill","Pleasant Hill","CA","United States"
"Plymouth","Plymouth","MA","United States"
"Plymouth","Plymouth","MI","United States"
"Pocatello","Pocatello","ID","United States"
"Pocono Mts.","Pocono Mts.","PA","United States"
"Point Loma","Point Loma","CA","United States"
"Poipu","Poipu","HI","United States"
"Pomeroy","Pomeroy","WA","United States"
"Pomona","Pomona","CA","United States"
"Pompano Beach","Pompano Beach","FL","United States"
"Pontiac","Pontiac","MI","United States"
"Port Huron","Port Huron","MI","United States"
"Portland","Portland","ME","United States"
"Portland","Portland","OR","United States"
"Portsmouth","Portsmouth","ME","United States"
"Portsmouth","Portsmouth","NH","United States"
"Poughkeepsie","Poughkeepsie","NY","United States"
"Prairie Du Chien","Prairie Du Chien","WI","United States"
"Prescott","Prescott","AZ","United States"
"Princeton","Princeton","NJ","United States"
"Providence","Providence","RI","United States"
"Provincetown","Provincetown","MA","United States"
"Provo","Provo","UT","United States"
"Pueblo","Pueblo","CO","United States"
"Pullman","Pullman","WA","United States"
"Punta Gorda","Punta Gorda","FL","United States"
"Quartzite","Quartzite","AZ","United States"
"Queens","Queens","NY","United States"
"Quincy","Quincy","IL","United States"
"Racine","Racine","WI","United States"
"Raleigh","Raleigh","NC","United States"
"Rancho Cordova","Rancho Cordova","CA","United States"
"Rancho Mirage","Rancho Mirage","CA","United States"
"Randolph","Randolph","MA","United States"
"Rapid City","Rapid City","SD","United States"
"Rawlins","Rawlins","WY","United States"
"Reading","Reading","PA","United States"
"Red Bluff","Red Bluff","CA","United States"
"Redding","Redding","CA","United States"
"Redondo Beach","Redondo Beach","CA","United States"
"Redwood City","Redwood City","CA","United States"
"Reed","Reed","KY","United States"
"Reheboth Beach","Rehoboth Beach","DE","United States"
"Rehoboth Beach","Rehoboth Beach","DE","United States"
"Remer","Remer","MN","United States"
"Reno","Reno","NV","United States"
"Reseda","Reseda","CA","United States"
"Reston","Reston","VA","United States"
"Richfield","Richfield","OH","United States"
"Richmond","Richmond","VA","United States"
"Richmond Hill","Richmond Hill","NY","United States"
"River Edge","River Edge","NJ","United States"
"Riverside","Riverside","CA","United States"
"Roanoke","Roanoke","VA","United States"
"Rochester","Rochester","MI","United States"
"Rochester","Rochester","MN","United States"
"Rochester","Rochester","NY","United States"
"Rochester","Rochester","PA","United States"
"Rock Island","Rock Island","IL","United States"
"Rockbridge","Rockbridge","OH","United States"
"Rockford","Rockford","IL","United States"
"Rockland","Rockland","NY","United States"
"Rockport","Rockport","ME","United States"
"Rockville","Rockville","MD","United States"
"Rome","Rome","NY","United States"
"Ronan","Ronan","MT","United States"
"Ronkonkona","Ronkonkona","NY","United States"
"Roseburg","Roseburg","OR","United States"
"Rosedale","Rosedale","MN","United States"
"Rubdoux","Rubdoux","CA","United States"
"Running Springs","Running Springs","CA","United States"
"Russian River","Russian River","CA","United States"
"Ruston","Ruston","LA","United States"
"Rutland","Rutland","VT","United States"
"Sacramento","Sacramento","CA","United States"
"Saginaw","Saginaw","MI","United States"
"Saint Croix","Saint Croix","Virgin Islands","United States"
"Saint Marys","Saint Marys","OH","United States"
"Salem","Salem","MA","United States"
"Salem","Salem","OR","United States"
"Salina","Salina","KS","United States"
"Salinas","Salinas","CA","United States"
"Salt Lake City","Salt Lake City","UT","United States"
"Salute Ste. Marie","Salute Ste. Marie","MI","United States"
"San Antonio","San Antonio","TX","United States"
"San Bernardino","San Bernardino","CA","United States"
"San Clemente","San Clemente","CA","United States"
"San Diego","San Diego","CA","United States"
"San Francisco","San Francisco","CA","United States"
"San Francsico","San Francisco","CA","United States"
"San Gabriel","San Gabriel","CA","United States"
"San Jose","San Jose","CA","United States"
"San Juan","San Juan","PR","United States"
"San Luis Obispo","San Luis Obispo","CA","United States"
"San Mateo","San Mateo","CA","United States"
"San Rafael","San Rafael","CA","United States"
"Sandusky","Sandusky","OH","United States"
"Sandy","Sandy","OR","United States"
"Santa Ana","Santa Ana","CA","United States"
"Santa Barbara","Santa Barbara","CA","United States"
"Santa Clara","Santa Clara","CA","United States"
"Santa Cruz","Santa Cruz","CA","United States"
"Santa Fe","Santa Fe","NM","United States"
"Santa Maria","Santa Maria","CA","United States"
"Santa Monica","Santa Monica","CA","United States"
"Santa Rosa","Santa Rosa","CA","United States"
"Saranac Lake","Saranac Lake","NY","United States"
"Sarasota","Sarasota","FL","United States"
"Saugatuck","Saugatuck","MI","United States"
"Sault Ste. Marie","Sault Ste. Marie","MI","United States"
"Sausalito","Sausalito","CA","United States"
"Savannah","Savannah","GA","United States"
"Sayerville","Sayerville","NJ","United States"
"Sayville","Sayville","NY","United States"
"Schenectady","Schenectady","NY","United States"
"Schenley","Schenley","PA","United States"
"Scottsdale","Scottsdale","AZ","United States"
"Scranton","Scranton","PA","United States"
"Seaford","Seaford","NY","United States"
"Seaside","Seaside","OR","United States"
"Seattle","Seattle","WA","United States"
"Sedona","Sedona","AZ","United States"
"Seekonk","Seekonk","MA","United States"
"Selden","Selden","NY","United States"
"Seldon","Seldon","NY","United States"
"Sharon","Sharon","PA","United States"
"Sheboygan","Sheboygan","WI","United States"
"Sherman Oaks","Sherman Oaks","CA","United States"
"Shreveport","Shreveport","LA","United States"
"Sierra Vista","Sierra Vista","AZ","United States"
"Silver Springs","Silver Springs","MD","United States"
"Silverlake","Silverlake","CA","United States"
"Sioux City","Sioux City","IA","United States"
"Sioux Falls","Sioux Falls","SD","United States"
"Smithfield","Smithfield","RI","United States"
"Smithsfield","Smithsfield","RI","United States"
"Smithtown","Smithtown","NY","United States"
"Somerville","Somerville","MA","United States"
"Sonora","Sonora","CA","United States"
"South Bend","South Bend","IN","United States"
"South Chino","South Chino","ME","United States"
"South Hadley","South Hadley","MA","United States"
"South Haven","South Haven","MI","United States"
"South Padre Island","South Padre Island","TX","United States"
"South River","South River","NJ","United States"
"Southfield","Southfield","MI","United States"
"Southington","Southington","CT","United States"
"Spanish Fort Canyon","Spanish Fort Canyon","UT","United States"
"Sparks","Sparks","NV","United States"
"Spartanburg","Spartanburg","SC","United States"
"Spokane","Spokane","WA","United States"
"Springfield","Springfield","IL","United States"
"Springfield","Springfield","MA","United States"
"Springfield","Springfield","MO","United States"
"Springfield","Springfield","OH","United States"
"Springfield","Springfield","VT","United States"
"Spruce Pine","Spruce Pine","NC","United States"
"St Augustine's","St. Augustine","FL","United States"
"St Louis","St. Louis","MO","United States"
"St Petersburg","St. Petersburg","FL","United States"
"St Thomas","St. Thomas","Virgin Islands","United States"
"St. Augustine","St. Augustine","FL","United States"
"St. Cloud","St. Cloud","MN","United States"
"St. Huntington","St. Huntington","NY","United States"
"St. Joseph","St. Joseph","MO","United States"
"St. Louis","St. Louis","MO","United States"
"St. Paul","St. Paul","MN","United States"
"St. Petersburg","St. Petersburg","FL","United States"
"St. Simons Island","St. Simons Island","GA","United States"
"Stamford","Stamford","CT","United States"
"Stanford","Stanford","CA","United States"
"State College","State College","PA","United States"
"Staten Island","Staten Island","NY","United States"
"Statewide","Statewide","CO","United States"
"Steubenville","Steubenville","OH","United States"
"Stillwater","Stillwater","OK","United States"
"Stockbridge","Stockbridge","MA","United States"
"Stockton","Stockton","CA","United States"
"Stoneham","Stoneham","MA","United States"
"Stonington","Stonington","ME","United States"
"Streamwood","Streamwood","IL","United States"
"Stroudsburg","Stroudsburg","PA","United States"
"Stroundsburg","Stroundsburg","PA","United States"
"Studio City","Studio City","CA","United States"
"Suffolk County","Suffolk County","NY","United States"
"Sun Valley","Sun Valley","ID","United States"
"Sunnyvale","Sunnyvale","CA","United States"
"Sunset Beach","Sunset Beach","CA","United States"
"Superior","Superior","WI","United States"
"Swansea","Swansea","MA","United States"
"Sweetwater","Sweetwater","TX","United States"
"Syracuse","Syracuse","NY","United States"
"Tacoma","Tacoma","WA","United States"
"Talequah","Talequah","OK","United States"
"Tallahassee","Tallahassee","FL","United States"
"Tampa","Tampa","FL","United States"
"Tannersville","Tannersville","PA","United States"
"Tarzana","Tarzana","CA","United States"
"Teaneck","Teaneck","NJ","United States"
"Telluride","Telluride","CO","United States"
"Tempe","Tempe","AZ","United States"
"Terre Haute","Terre Haute","IN","United States"
"Texarkana","Texarkana","AR","United States"
"The Hamptons","The Hamptons","NY","United States"
"Tijuana","Tijuana","CA","United States"
"Toledo","Toledo","OH","United States"
"Toltec","Toltec","AZ","United States"
"Tombstone","Tombstone","AZ","United States"
"Topanga","Topanga","CA","United States"
"Topeka","Topeka","KS","United States"
"Towson","Towson","MD","United States"
"Traverse City","Traverse City","MI","United States"
"Trenton","Trenton","NJ","United States"
"Tri-Cities","Tri-Cities","WA","United States"
"Troy","Troy","MI","United States"
"Troy","Troy","NY","United States"
"Truckee","Truckee","CA","United States"
"Tucson","Tucson","AZ","United States"
"Tulsa","Tulsa","OK","United States"
"Tupelo","Tupelo","MS","United States"
"Tupper Lake","Tupper Lake","NY","United States"
"Tuscalloosa","Tuscalloosa","AL","United States"
"Tuscaloosa","Tuscaloosa","AL","United States"
"Tuscon","Tucson","AZ","United States"
"Tyler","Tyler","TX","United States"
"Tyngsboro","Tyngsboro","MA","United States"
"Ukiah","Ukiah","CA","United States"
"Union","Union","NJ","United States"
"Union City","Union City","NJ","United States"
"Uniondale","Uniondale","NY","United States"
"Upland","Upland","CA","United States"
"Upper Darby","Upper Darby","PA","United States"
"Urbana","Urbana","IL","United States"
"Utica","Utica","NY","United States"
"Uxbridge","Uxbridge","MA","United States"
"Vail","Vail","CO","United States"
"Vallejo","Vallejo","CA","United States"
"Valley Stream","Valley Stream","NY","United States"
"Van Nuys","Van Nuys","CA","United States"
"Vancouver","Vancouver","WA","United States"
"Venice","Venice","CA","United States"
"Ventura","Ventura","CA","United States"
"Vero Beach","Vero Beach","FL","United States"
"Vicksburg","Vicksburg","MS","United States"
"Victoria","Victoria","TX","United States"
"Villa Park","Villa Park","IL","United States"
"Vincennes","Vincennes","IN","United States"
"Virginia Beach","Virginia Beach","FL","United States"
"Virginia Beach","Virginia Beach","VA","United States"
"Visalia","Visalia","CA","United States"
"Waco","Waco","TX","United States"
"Waikiki","Waikiki","HI","United States"
"Wailuku","Wailuku","HI","United States"
"Wakarusa","Wakarusa","KS","United States"
"Waldport","Waldport","OR","United States"
"Walla Walla","Walla Walla","WA","United States"
"Wallington","Wallington","NJ","United States"
"Walnut Creek","Walnut Creek","CA","United States"
"Walton","Walton","KS","United States"
"Wantagh","Wantagh","NY","United States"
"Ware","Ware","MA","United States"
"Warren","Warren","OH","United States"
"Warren","Warren","VT","United States"
"Warwick","Warwick","RI","United States"
"Washington","Washington","DC","United States"
"Waterbury","Waterbury","CT","United States"
"Waterloo","Waterloo","IA","United States"
"Watertown","Watertown","NY","United States"
"Waterville","Waterville","ME","United States"
"Waukegan","Waukegan","IL","United States"
"Wausau","Wausau","WI","United States"
"Wayne","Wayne","NJ","United States"
"West Babylon","West Babylon","NY","United States"
"West Covina","West Covina","CA","United States"
"West Hempstead","West Hempstead","NY","United States"
"West Lebanon","West Lebanon","NH","United States"
"West New York","West New York","NJ","United States"
"West Palm Beach","West Palm Beach","FL","United States"
"West Park","West Park","NY","United States"
"Weston","Weston","MA","United States"
"Westport","Westport","CT","United States"
"Westtown","Westtown","NY","United States"
"Weymouth","Weymouth","MA","United States"
"Wheaton","Wheaton","MD","United States"
"Wheeling","Wheeling","WV","United States"
"Whidbey Island","Whidbey Island","WA","United States"
"White Plains","White Plains","NY","United States"
"Wichita","Wichita","KS","United States"
"Wichita Falls","Wichita Falls","TX","United States"
"Wilcox","Wilcox","AZ","United States"
"Wilkes-Barre","Wilkes-Barre","PA","United States"
"Williamsburg","Williamsburg","VA","United States"
"Williamsport","Williamsport","PA","United States"
"Williamstown","Williamstown","MA","United States"
"Willimsburg","Willimsburg","VA","United States"
"Willits","Willits","CA","United States"
"Wilmington","Wilmington","CA","United States"
"Wilmington","Wilmington","DE","United States"
"Wilmington","Wilmington","NC","United States"
"Winchester","Winchester","VA","United States"
"Winfield","Winfield","KS","United States"
"Winston-Salem","Winston-Salem","NC","United States"
"Winter Park","Winter Park","FL","United States"
"Wolf Creek","Wolf Creek","OR","United States"
"Wood River","Wood River","IL","United States"
"Woodacre","Woodacre","CA","United States"
"Woodbridge","Woodbridge","NJ","United States"
"Woodside","Woodside","NY","United States"
"Woodstock","Woodstock","NY","United States"
"Woonsocket","Woonsocket","RI","United States"
"Wooster","Wooster","OH","United States"
"Worcester","Worcester","MA","United States"
"Wrightstown","Wrightstown","NJ","United States"
"Wyanotte","Wyanotte","MI","United States"
"Yachats","Yachats","OR","United States"
"Yakima","Yakima","WA","United States"
"Yankton","Yankton","SD","United States"
"Ybor City","Ybor City","FL","United States"
"Yellow Springs","Yellow Springs","OH","United States"
"Yonkers","Yonkers","NY","United States"
"York","York","PA","United States"
"Yorktown","Yorktown","NY","United States"
"Yorkville","Yorkville","NY","United States"
"Youngstown","Youngstown","OH","United States"
"Ypsilanti","Ypsilanti","MI","United States"
"Yreka","Yreka","CA","United States"
"Yuma","Yuma","AZ","United States"
"","","HI","United States"
"Ada","Ada","OK","United States"
"Agana","Agana","GU","United States"
"Aguas Buenas","Aguas Buenas","PR","United States"
"Alexandria","Alexandria","VA","United States"
"Annandale-On-Hudson","Annandale-On-Hudson","NY","United States"
"Arcadia","Arcadia","CA","United States"
"Augusta","Augusta","FL","United States"
"Azusa","Azusa","CA","United States"
"Barberton","Barberton","OH","United States"
"Battle Creek","Battle Creek","MI","United States"
"Bay Shore","Bay Shore","NY","United States"
"Bellflower","Bellflower","CA","United States"
"Berwyn","Berwyn","IL","United States"
"Binghampton","Binghampton","NY","United States"
"Black River","Black River","NY","United States"
"Bloomingdale","Bloomingdale","NY","United States"
"Blue Point","Blue Point","NY","United States"
"Bluefield","Bluefield","WV","United States"
"Bohemia","Bohemia","NY","United States"
"Boonville","Boonville","CA","United States"
"Bowie","Bowie","MD","United States"
"Bowling Green","Bowling Green","OH","United States"
"Brewer","Brewer","ME","United States"
"Bridgehampton","Bridgehampton","NY","United States"
"Brinnon","Brinnon","WA","United States"
"Brockton","Brockton","MA","United States"
"Butler","Butler","PA","United States"
"Butte","Butte","MT","United States"
"Cape Cod Area","Cape Cod Area","MA","United States"
"Center Moriches","Center Moriches","NY","United States"
"Charlotte Amalie, St. Thomas","Charlotte Amalie, St. Thomas","VI","United States"
"Chester","Chester","OH","United States"
"Chittango","Chittango","NY","United States"
"Chittenango","Chittenango","NY","United States"
"Christiansted, St. Croix","Christiansted, St. Croix","VI","United States"
"Cicero","Cicero","IL","United States"
"Claremont","Claremont","CA","United States"
"Cocoa","Cocoa","FL","United States"
"Concord","Concord","CA","United States"
"Condado","Condado","PR","United States"
"Coney Island","Coney Island","NY","United States"
"Congers","Congers","NY","United States"
"Conroe","Conroe","TX","United States"
"Copiague","Copiague","NY","United States"
"Corte Madera","Corte Madera","CA","United States"
"Cottondale","Cottondale","FL","United States"
"Cresson","Cresson","OR","United States"
"Danville","Danville","IL","United States"
"De Kalb","De Kalb","IL","United States"
"Dickenson","Dickenson","ND","United States"
"Dixmore","Dixmore","IL","United States"
"Dodson","Dodson","LA","United States"
"Donna","Donna","TX","United States"
"Dorchester","Dorchester","MA","United States"
"Dothan","Dothan","AL","United States"
"Duarte","Duarte","CA","United States"
"Duncansville","Duncansville","OR","United States"
"Dunkirk","Dunkirk","NY","United States"
"East Islip","East Islip","NY","United States"
"East Lansing","East Lansing","MI","United States"
"East Middlebury","East Middlebury","VT","United States"
"East Patterson","East Patterson","NJ","United States"
"Eastport","Eastport","MD","United States"
"Ellensburg","Ellensburg","WA","United States"
"Ellsworth","Ellsworth","ME","United States"
"Elmwood Park","Elmwood Park","NJ","United States"
"Emeryville","Emeryville","CA","United States"
"Erie","Erie","OR","United States"
"Fairfax","Fairfax","CA","United States"
"Fanwood","Fanwood","NJ","United States"
"Farmingville","Farmingville","NY","United States"
"Fayatteville","Fayatteville","AR","United States"
"Fayetteville","Fayetteville","SC","United States"
"Flushing","Flushing","NY","United States"
"Fond Du Lac","Fond Du Lac","WI","United States"
"Fontana","Fontana","CA","United States"
"Fort Smith","Fort Smith","AR","United States"
"Frederiksted, St. Croix","Frederiksted, St. Croix","VI","United States"
"Gainsville","Gainsville","FL","United States"
"Gallup","Gallup","NM","United States"
"Garwood","Garwood","NJ","United States"
"Gatlinburg","Gatlinburg","TN","United States"
"Genesee Valley","Genesee Valley","NY","United States"
"Geneseo","Geneseo","NY","United States"
"Geneva on the Lake","Geneva on the Lake","OH","United States"
"Germantown","Germantown","OR","United States"
"Ghent","Ghent","NY","United States"
"Glassboro","Glassboro","NJ","United States"
"Glen Ellen","Glen Ellen","CA","United States"
"Glenbrook","Glenbrook","CT","United States"
"Glendora","Glendora","CA","United States"
"Grand Haven","Grand Haven","MI","United States"
"Grass Valley","Grass Valley","CA","United States"
"Greenwood","Greenwood","SC","United States"
"Grover City","Grover City","CA","United States"
"Harpers Ferry","Harpers Ferry","WV","United States"
"Hato Ray","Hato Ray","PR","United States"
"Haverhill","Haverhill","MA","United States"
"Highland Park","Highland Park","MI","United States"
"Hollywood & North Hollywood","Hollywood & North Hollywood","CA","United States"
"Jackson Heights","Jackson Heights","NY","United States"
"Kalakapei Beach, Kauai","Kalakapei Beach, Kauai","HI","United States"
"Kapaa-Wailua, Kauai","Kapaa-Wailua, Kauai","HI","United States"
"Killeen","Killeen","TX","United States"
"Kokomo","Kokomo","IN","United States"
"Kona","Kona","HI","United States"
"Lahaina, Maui","Lahaina, Maui","HI","United States"
"Lake Alfred","Lake Alfred","FL","United States"
"Lake Ronkonoma","Lake Ronkonoma","NY","United States"
"Lakeshore","Lakeshore","OH","United States"
"Lancaster","Lancaster","OH","United States"
"Laredo","Laredo","TX","United States"
"Largo","Largo","MD","United States"
"Las Vegas","Las Vegas","NE","United States"
"Latham","Latham","NY","United States"
"Leonard","Leonard","ND","United States"
"Lexington","Lexington","KT","United States"
"Lithia","Lithia","FL","United States"
"Little Neck","Little Neck","NY","United States"
"Louisville","Louisville","KT","United States"
"Lynwood","Lynwood","CA","United States"
"Mahwah","Mahwah","NJ","United States"
"Manchester","Manchester","CT","United States"
"Manfield","Manfield","OH","United States"
"Manhattan Beach","Manhattan Beach","CA","United States"
"March's Hook","March's Hook","OR","United States"
"Marin County","Marin County","CA","United States"
"Marion","Marion","IL","United States"
"Matthews","Matthews","CA","United States"
"Mayaguez","Mayaguez","PR","United States"
"Medford","Medford","MA","United States"
"Melrose Park","Melrose Park","IL","United States"
"Middlebury","Middlebury","VT","United States"
"Midway City","Midway City","CA","United States"
"Mineola","Mineola","NY","United States"
"Miramar","Miramar","PR","United States"
"Mississippi","Mississippi","MS","United States"
"Monroe","Monroe","NY","United States"
"Mt. Pleasant","Mt. Pleasant","MI","United States"
"Nazareth","Nazareth","OR","United States"
"New City","New City","NY","United States"
"New Hope","New Hope","OR","United States"
"New Monterey","New Monterey","CA","United States"
"Newtown","Newtown","CT","United States"
"North Beach","North Beach","MD","United States"
"North Dartmouth","North Dartmouth","MA","United States"
"North Quincy","North Quincy","MA","United States"
"North Smithfield","North Smithfield","RI","United States"
"Norwalk","Norwalk","CA","United States"
"Norwalk","Norwalk","CT","United States"
"Orange","Orange","CA","United States"
"Paris","Paris","TN","United States"
"Pascagoula","Pascagoula","MS","United States"
"Patchoque","Patchoque","NY","United States"
"Petaluma","Petaluma","CA","United States"
"Phillipsville","Phillipsville","CA","United States"
"Pine HIll","Pine HIll","NY","United States"
"Pinellas Park","Pinellas Park","FL","United States"
"Pittsburgh","Pittsburgh","KS","United States"
"Pittsburgh","Pittsburgh","OH","United States"
"Plainfield","Plainfield","NJ","United States"
"Ponce","Ponce","PR","United States"
"Portola Valley","Portola Valley","CA","United States"
"Pownal","Pownal","VT","United States"
"Presque Isle","Presque Isle","ME","United States"
"Redlands","Redlands","CA","United States"
"Rendondo Beach","Rendondo Beach","CA","United States"
"Reno","Reno","NE","United States"
"Revere Beach","Revere Beach","MA","United States"
"Rialto","Rialto","CA","United States"
"Rock Springs","Rock Springs","WY","United States"
"Rockland Lake","Rockland Lake","NY","United States"
"Roman","Roman","MT","United States"
"Rubidoux","Rubidoux","CA","United States"
"San Bernadino","San Bernadino","CA","United States"
"San Gabrael","San Gabrael","CA","United States"
"San Juan Pueblo","San Juan Pueblo","NM","United States"
"Santurce","Santurce","PR","United States"
"Saratoga Springs","Saratoga Springs","NY","United States"
"Savannah Beach","Savannah Beach","GA","United States"
"Sayreville","Sayreville","NJ","United States"
"Shaker Heights","Shaker Heights","OH","United States"
"Shawano Lake","Shawano Lake","WI","United States"
"Simpson","Simpson","MD","United States"
"Sonoma","Sonoma","CA","United States"
"South Amherst","South Amherst","MA","United States"
"South Beach","South Beach","NY","United States"
"Southboro","Southboro","MA","United States"
"Springfield","Springfield","VA","United States"
"St. Claire","St. Claire","OH","United States"
"St. Petersburgh","St. Petersburgh","FL","United States"
"Stapleton","Stapleton","NY","United States"
"Stateline","Stateline","NV","United States"
"Stickney","Stickney","IL","United States"
"Storrs","Storrs","CT","United States"
"Sunapee","Sunapee","NH","United States"
"Sunland","Sunland","CA","United States"
"Susquehanna","Susquehanna","PA","United States"
"Sylvan Beach","Sylvan Beach","NY","United States"
"Syosset","Syosset","NY","United States"
"Texarcana","Texarcana","AR","United States"
"The Bronx","The Bronx","NY","United States"
"Titusville","Titusville","FL","United States"
"Torrance","Torrance","CA","United States"
"Tumon Bay","Tumon Bay","GU","United States"
"Tynesboro","Tynesboro","MA","United States"
"Tysons Corner","Tysons Corner","VA","United States"
"Urbaba","Urbaba","IL","United States"
"Vail","Vail","AZ","United States"
"Valhalla","Valhalla","NY","United States"
"Valparaiso","Valparaiso","IN","United States"
"Van Nuys - Sherman Oaks","Van Nuys - Sherman Oaks","CA","United States"
"Vicksberg","Vicksberg","MS","United States"
"Vineyard Haven","Vineyard Haven","MA","United States"
"Waikiki Beach","Waikiki Beach","HI","United States"
"Waikiki Beach, Oahu","Waikiki Beach, Oahu","HI","United States"
"Wailuku, Maui","Wailuku, Maui","HI","United States"
"Wakefield","Wakefield","MA","United States"
"Waltham","Waltham","MA","United States"
"Washington","Washington","NJ","United States"
"Washingtonville","Washingtonville","NY","United States"
"West Lafayette","West Lafayette","IN","United States"
"Western Michigan University","Western Michigan University","MI","United States"
"White River Junction","White River Junction","VT","United States"
"White-Plains","White-Plains","NY","United States"
"Whitestone","Whitestone","NY","United States"
"Woodbury","Woodbury","NY","United States"
"Woodland Hills","Woodland Hills","CA","United States"
"Wrightsville Beach","Wrightsville Beach","NC","United States"
"Wyandotte","Wyandotte","MI","United States"
"Yosemite","Yosemite","CA","United States"
"Yuba City","Yuba City","CA","United States"
